AcresBurned,AdminUnit,ArchiveYear,Counties,CrewsInvolved,Engines,Extinguished,Fatalities,Helicopters,Injuries,Latitude,Longitude,PersonnelInvolved,Started,StructuresDamaged,StructuresDestroyed,Updated,WaterTenders
24251,Ventura County Fire/CAL FIRE,2013,Ventura,47,117,2013-05-11T06:30:00Z,,11,10,0,0,2167,2013-05-02T07:01:00Z,6,10,2013-05-11T06:30:00Z,11
20292,CAL FIRE Riverside Unit / San Bernardino National Forest,2013,Riverside,63,201,2013-08-12T18:00:00Z,,20,26,33.86157,-116.90427,2106,2013-08-07T14:05:00Z,8,40,2013-08-12T18:00:00Z,20
11429,CAL FIRE Tehama-Glenn Unit,2013,Tehama,30,36,2013-08-29T16:45:00Z,,5,5,40.04263,-121.85397,898,2013-08-23T14:15:00Z,,,2013-08-29T16:45:00Z,8
8073,CAL FIRE Shasta-Trinity Unit,2013,Shasta,12,30,2013-09-15T07:30:00Z,,,6,40.498332,-122.535496,342,2013-09-09T12:32:00Z,10,201,2013-09-15T07:30:00Z,
7055,CAL FIRE San Diego Unit / Cleveland National Forest,2013,San Diego,56,183,2013-07-15T06:15:00Z,,9,12,32.95435,-116.47381,2147,2013-07-06T12:55:00Z,9,149,2013-07-15T06:15:00Z,24
6965,CAL FIRE Butte Unit,2013,Tehama,53,131,2013-05-09T09:00:00Z,,6,6,40.190062,-121.595555,1811,2013-05-01T09:12:00Z,,,2013-05-09T09:00:00Z,40
4346,CAL FIRE / USFS Los Padres National Forest,2013,Kern,29,34,2013-05-21T19:45:00Z,,1,4,34.7861,-118.9411,847,2013-05-15T12:50:00Z,,,2013-05-21T19:45:00Z,12
4346,CAL FIRE / USFS Los Padres National Forest,2013,Ventura,29,34,2013-05-21T19:45:00Z,,1,4,34.7861,-118.9411,847,2013-05-15T12:50:00Z,,,2013-05-21T19:45:00Z,12
3505,CAL FIRE Sonoma-Lake-Napa Unit,2013,Sonoma,8,5,2013-11-27T18:15:00Z,,,6,38.8167,-122.8498,188,2013-11-22T02:04:00Z,,1,2013-11-27T18:15:00Z,
3166,CAL FIRE/Riverside County Fire ,2013,Riverside,36,62,2013-05-04T18:30:00Z,,5,2,34.288877,-116.941311,726,2013-05-01T12:38:00Z,,1,2013-05-04T18:30:00Z,7
3111,CAL FIRE Santa-Clara Unit,2013,Contra Costa,8,3,2013-09-14T17:30:00Z,,,,37.90757,-121.882582,231,2013-09-08T13:08:00Z,,,2013-09-14T17:30:00Z,4
2781,CAL FIRE San Diego Unit,2013,San Diego,33,73,2013-05-26T17:45:00Z,,25,5,33.12111,-116.52579,911,2013-05-23T12:20:00Z,,,2013-05-26T17:45:00Z,26
2462,CAL FIRE Butte Unit,2013,Butte,33,95,2013-08-22T18:00:00Z,,20,5,39.446268,-121.38236,1484,2013-08-16T16:37:00Z,,7,2013-08-22T18:00:00Z,25
1708,CAL FIRE Madera-Mariposa-Merced Unit / Sierra National Forest ,2013,Mariposa,2,,2013-06-26T11:15:00Z,,,1,37.58202,-119.91071,112,2013-06-16T14:12:00Z,,,2013-06-26T11:15:00Z,4
1271,CAL FIRE San Diego Unit,2013,San Diego,54,42,2013-05-31T06:15:00Z,,27,6,33.04458,-116.5209,1217,2013-05-26T12:04:00Z,,,2013-05-31T06:15:00Z,27
712,CAL FIRE / Kern County Fire / State Parks / US Forest Service,2013,Kern,20,37,2013-07-22T18:45:00Z,,20,5,34.882,-118.9194,502,2013-07-19T12:00:00Z,,,2013-07-22T18:45:00Z,20
534,CAL FIRE San Bernardino Unit/ City of Redlands/San Bernardino Sheriff,2013,San Bernardino,29,29,2013-07-01T06:00:00Z,,29,,34.071556,-117.048397,282,2013-06-28T14:30:00Z,1,0,2013-07-01T06:00:00Z,29
406,CAL FIRE San Bernardino Unit,2013,Inyo,25,25,2013-02-28T20:00:00Z,,,2,36.602575,-118.01651,476,2013-02-24T08:16:00Z,,0,2013-02-28T20:00:00Z,25
305,CAL FIRE Butte Unit,2013,Butte,4,15,2013-10-05T22:00:00Z,,1,,39.439,-121.497,259,2013-10-04T17:37:00Z,,4,2013-10-05T22:00:00Z,3
298,CAL FIRE Butte Unit,2013,Butte,3,26,2013-06-03T20:00:00Z,,2,,39.434183,-121.576804,,2013-06-03T13:49:00Z,,9,2013-06-03T20:00:00Z,4
263,CAL FIRE San Diego Unit / Cleveland National Forest,2013,San Diego,4,15,2013-09-12T18:15:00Z,,1,2,32.710918,-116.746023,294,2013-09-09T13:09:00Z,,,2013-09-12T18:15:00Z,4
217,CAL FIRE Tehama-Glenn Unit,2013,Glenn,11,6,2013-05-05T18:00:00Z,,5,,39.514139,-122.560862,221,2013-05-01T19:00:00Z,,,2013-05-05T18:00:00Z,5
196,CAL FIRE Shasta Unit ,2013,Shasta,24,31,2013-08-23T19:15:00Z,,24,,40.5445,-121.3754,347,2013-08-19T17:48:00Z,,,2013-08-23T19:15:00Z,24
190,CAL FIRE Sonoma-Lake-Napa Unit,2013,Napa,6,15,2013-11-23T18:30:00Z,,,,38.382,-122.311,150,2013-11-21T21:39:00Z,,1,2013-11-23T18:30:00Z,3
125,CAL FIRE Sonoma-Lake-Napa Unit,2013,Sonoma,9,17,2013-05-03T06:15:00Z,,5,,38.638828,-122.655616,249,2013-05-01T02:01:00Z,,,2013-05-03T06:15:00Z,5
120,CAL FIRE Sonoma-Lake-Napa Unit,2013,Lake,10,30,2013-11-10T18:30:00Z,,,,38.882214,-122.567525,285,2013-11-08T13:42:00Z,,1,2013-11-10T18:30:00Z,3
92,CAL FIRE Butte Unit,2013,Butte,4,4,2013-08-04T14:45:00Z,,,2,39.6612,-121.50354,80,2013-08-01T16:01:00Z,,,2013-08-04T14:45:00Z,3
91,CAL FIRE Madera-Mariposa-Merced Unit,2013,Madera,6,24,2013-05-20T19:10:00Z,,2,,37.1927,-119.7917,,2013-05-19T15:07:00Z,,1,2013-05-20T19:10:00Z,2
80,CAL FIRE Butte Unit,2013,Butte,2,10,2013-09-01T18:00:00Z,,,1,39.731878,-121.713938,35,2013-08-31T17:23:00Z,,,2013-09-01T18:00:00Z,
75,CAL FIRE Madera-Mariposa-Merced Unit,2013,Madera,15,13,2013-06-14T16:30:00Z,,,,37.169379,-119.75636,221,2013-06-12T16:40:00Z,,,2013-06-14T16:30:00Z,13
75,"USFS San Bernardino National Forest, CAL FIRE San Bernardino Unit",2013,San Bernardino,13,21,2013-05-15T08:15:00Z,,,1,34.1834,-117.4408,292,2013-05-13T13:30:00Z,,1,2013-05-15T08:15:00Z,13
70,CAL FIRE Sonoma-Lake-Napa Unit,2013,Lake,2,10,2013-08-18T18:30:00Z,,,,39.013682,-122.491894,,2013-08-16T17:57:00Z,,,2013-08-18T18:30:00Z,5
51,CAL FIRE San Luis Obispo Unit,2013,San Luis Obispo,5,15,2013-11-09T17:00:00Z,,2,,35.457978,-120.751555,219,2013-11-08T10:30:00Z,,,2013-11-09T17:00:00Z,
46,CAL FIRE Tuolumne-Calaveras Unit,2013,Calaveras,18,30,2013-08-19T07:10:00Z,,18,2,38.06231,-120.45233,169,2013-08-17T10:11:00Z,,,2013-08-19T07:10:00Z,18
32416,CAL FIRE / USFS - Lassen National Forest,2014,Shasta,1,8,2014-08-25T10:00:00Z,,,11,40.72,-121.562,78,2014-07-31T18:04:00Z,,21,2014-08-25T10:00:00Z,4
13153,CAL FIRE Lassen-Modoc Unit,2014,Modoc,7,20,2014-08-13T07:00:00Z,,2,7,41.1336,-121.2144,297,2014-07-30T19:01:00Z,,6,2014-08-13T07:00:00Z,4
4240,CAL FIRE Amador-El Dorado Unit,2014,Amador,1,3,2014-08-02T19:15:00Z,,,2,38.5691,-120.7819,40,2014-07-25T16:34:00Z,,67,2019-11-12T10:27:44.36Z,1
4240,CAL FIRE Amador-El Dorado Unit,2014,El Dorado,1,3,2014-08-02T19:15:00Z,,,2,38.5691,-120.7819,40,2014-07-25T16:34:00Z,,67,2019-11-12T10:27:44.36Z,1
2143,CAL FIRE San Bernardino / USFS / Rancho Cucamonga Fire,2014,San Bernardino,22,25,2014-05-05T17:30:00Z,,,3,34.169346,-117.547374,583,2014-04-30T08:00:00Z,1,0,2014-05-05T17:30:00Z,8
1995,San Marcos Fire / CAL FIRE San Diego Unit / Elfin Forest Fire Dept,2014,San Diego,13,21,2014-05-22T18:15:00Z,,,3,33.1137,-117.1599,514,2014-05-14T16:00:00Z,,40,2014-05-22T18:15:00Z,2
1548,CAL FIRE San Diego Unit/San Diego City Fire/Rancho Santa Fe Fire District,2014,San Diego,4,,2014-05-17T20:14:00Z,,,3,33.003,-117.133,211,2014-05-13T11:00:00Z,,,2014-05-17T20:14:00Z,
1469,CAL FIRE Lassen-Modoc Unit / Modoc National Forest,2014,Modoc,8,17,2014-07-07T07:00:00Z,,2,,41.489,-120.904,427,2014-07-03T15:46:00Z,,,2014-07-07T07:00:00Z,4
1375,CAL FIRE Shasta-Trinity Unit,2014,Shasta,4,7,2014-09-16T09:30:00Z,,,4,40.7101,-122.171,169,2014-09-10T00:30:00Z,,4,2014-09-16T09:30:00Z,2
677,CAL FIRE Madera-Mariposa-Merced Unit,2014,Mariposa,2,2,2014-06-02T18:30:00Z,,,9,0,0,32,2014-05-26T15:33:00Z,,3,2014-06-02T18:30:00Z,
632,Santa Barbara County Fire,2014,Santa Barbara,10,10,2014-05-19T09:20:00Z,,1,,34.609,-120.454,548,2014-05-13T14:00:00Z,,,2014-05-19T09:20:00Z,3
612,CAL FIRE Madera-Mariposa-Merced Unit,2014,Madera,6,7,2014-08-25T08:25:00Z,,,3,37.3433,-119.6581,188,2014-08-18T13:50:00Z,,47,2014-08-25T08:25:00Z,3
580,CAL FIRE Shasta-Trinity Unit,2014,Trinity,82,3,2014-08-28T19:00:00Z,,,2,40.7412,-122.946,46,2014-08-24T16:36:00Z,,1,2014-08-28T19:00:00Z,
516,CAL FIRE Siskiyou Unit,2014,Siskiyou,14,10,2014-10-11T18:50:00Z,,,1,41.42384,-122.37432,453,2014-09-15T13:38:00Z,7,165,2014-10-11T18:50:00Z,
389,CAL FIRE Butte Unit,2014,Butte,29,46,2014-08-01T17:30:00Z,,1,4,0,0,835,2014-07-28T13:11:00Z,,,2014-08-01T17:30:00Z,13
320,CAL FIRE Madera-Mariposa-Merced Unit,2014,Madera,2,4,2014-09-22T07:15:00Z,,,4,37.311915,-119.604124,90,2014-09-14T13:36:00Z,2,69,2014-09-22T07:15:00Z,1
247,CAL FIRE Nevada-Yuba-Placer Unit,2014,Nevada,3,3,2014-09-18T18:45:00Z,,,,39.113682,-120.999508,53,2014-09-13T14:07:00Z,,,2014-09-18T18:45:00Z,1
217,CAL FIRE San Diego Unit,2014,San Diego,4,5,2014-07-06T09:15:00Z,,,4,33.078948,-116.576454,91,2014-07-03T10:43:00Z,,3,2014-07-06T09:15:00Z,
113,CAL FIRE San Bernardino Unit,2014,Inyo,11,12,2014-04-21T19:15:00Z,,2,,37.399,-118.352,256,2014-04-19T15:54:00Z,,,2014-04-21T19:15:00Z,
90,CAL FIRE Madera-Mariposa-Merced Unit,2014,Mariposa,12,15,2014-06-08T19:45:00Z,,4,,0,0,356,2014-06-06T17:29:00Z,,,2019-11-12T10:25:56.523Z,
75,CAL FIRE Shasta-Trinity Unit,2014,Shasta,5,3,2014-07-08T18:30:00Z,,,,40.5719,-121.3415,108,2014-07-05T18:44:00Z,,,2014-07-08T18:30:00Z,2
62,CAL FIRE Mendocino Unit,2014,Mendocino,2,2,2014-09-22T16:30:00Z,,,,0,0,42,2014-09-21T16:13:00Z,,,2014-09-22T16:30:00Z,
31,CAL FIRE Riverside County Fire,2014,Riverside,1,1,2014-06-07T19:00:00Z,,,,0,0,51,2014-06-06T17:32:00Z,,,2014-06-07T19:00:00Z,
69438,CAL FIRE Sonoma-Lake-Napa Unit,2015,Lake,6,24,2015-08-14T18:15:00Z,,,,38.8863538,-122.4762475,227,2015-07-29T15:29:00Z,8,96,2015-08-14T18:15:00Z,8
7000,CAL FIRE San Bernardino Unit,2015,Inyo,6,7,2015-02-12T07:35:00Z,,,4,0,0,100,2015-02-06T14:07:00Z,5,40,2015-02-12T07:35:00Z,
7000,CAL FIRE San Bernardino Unit,2015,Mono,6,7,2015-02-12T07:35:00Z,,,4,0,0,100,2015-02-06T14:07:00Z,5,40,2015-02-12T07:35:00Z,
4883,CAL FIRE Humboldt - Del Norte Unit,2015,Humboldt,39,57,2015-08-19T19:15:00Z,,10,14,0,0,1392,2015-07-30T16:02:00Z,,7,2015-08-19T19:15:00Z,10
4250,CAL FIRE San Bernardino Unit/ San Bernardino National Forest / San Bernardino County Fire ,2015,San Bernardino,4,,2015-07-21T07:00:00Z,,,,34.339,-117.478,215,2015-07-17T14:33:00Z,4,68,2015-07-21T07:00:00Z,
2446,CAL FIRE San Luis Obispo Unit/ Los Padres National Forest ,2015,San Luis Obispo,26,23,2015-08-28T18:15:00Z,,3,1,35.3477,-120.6269,692,2015-08-16T18:13:00Z,,1,2015-08-28T18:15:00Z,8
1049,CAL FIRE/Riverside County Fire,2015,Riverside,3,4,2015-04-24T07:30:00Z,,,,33.884313,-117.642759,54,2015-04-18T18:12:00Z,,,2015-04-24T07:30:00Z,
1042,CAL FIRE Butte Unit,2015,Butte,20,35,2015-09-17T19:30:00Z,,2,1,39.5218,-121.3363,613,2015-09-11T14:15:00Z,,,2015-09-17T19:30:00Z,6
920,CAL FIRE Madera-Mariposa-Merced Unit,2015,Madera,2,,2015-06-25T18:45:00Z,,,,37.165767,-119.523943,43,2015-06-18T21:00:00Z,,3,2015-06-25T18:45:00Z,2
860,CAL FIRE Butte Unit / Butte County Fire,2015,Butte,2,18,2015-10-04T18:40:00Z,,,,0,0,102,2015-10-03T21:15:00Z,,,2015-10-04T18:40:00Z,2
673,CAL FIRE Sonoma-Lake-Napa Unit / Mendocino National Forest,2015,Lake,4,10,2015-09-08T19:28:00Z,,,,55.23,-122,270,2015-09-02T14:57:00Z,,,2015-09-08T19:28:00Z,6
670,CAL FIRE San Benito - Monterey Unit,2015,San Benito,2,4,2015-10-16T18:00:00Z,,,3,36.70854,-121.32734,108,2015-10-12T16:00:00Z,,,2015-10-16T18:00:00Z,4
355,CAL FIRE Amador El Dorado Unit,2015,Amador,1,13,2015-07-02T06:36:00Z,,,,0,0,,2015-07-02T01:58:00Z,,,2015-07-02T06:36:00Z,5
212,CAL FIRE Shasta-Trinity Unit,2015,Shasta,3,20,2015-08-01T19:00:00Z,,2,2,40.415108,-122.439939,120,2015-07-29T17:55:00Z,1,5,2015-08-01T19:00:00Z,5
204,CAL FIRE Tuolumne-Calaveras Unit,2015,Tuolumne,5,9,2015-08-04T18:00:00Z,,,,37.823,-120.15644,115,2015-07-29T16:30:00Z,,,2015-08-04T18:00:00Z,2
158,CAL FIRE Nevada-Yuba-Placer Unit,2015,Yuba,11,25,2015-06-22T11:45:00Z,,4,3,39.2688,-121.26471,250,2015-06-18T13:07:00Z,,,2015-06-22T11:45:00Z,
150,CAL FIRE Sonoma-Lake-Napa,2015,Solano,13,15,2015-07-08T20:45:00Z,,0,,38.4113,-122.0789,275,2015-07-06T10:47:00Z,,,2015-07-08T20:45:00Z,5
110,CAL FIRE Amador-El Dorado Unit,2015,Sacramento,1,11,2015-09-03T14:30:00Z,,2,,0,0,,2015-09-03T12:12:00Z,,,2015-09-03T14:30:00Z,4
109,CAL FIRE Shasta-Trinity Unit,2015,Shasta,2,2,2015-09-13T10:15:00Z,,,,40.47512,-122.52541,45,2015-09-11T15:08:00Z,,,2015-09-13T10:15:00Z,1
108,CAL FIRE Tuolumne-Calaveras Unit,2015,Tuolumne,3,3,2015-09-15T19:15:00Z,,,1,38.04684,-120.30188,59,2015-09-08T13:23:00Z,,3,2015-09-15T19:15:00Z,
95,CAL FIRE San Luis Obispo Unit,2015,San Luis Obispo,14,15,2015-07-15T07:00:00Z,,2,,35.7183,-121.0157,379,2015-07-10T12:41:00Z,,,2015-07-15T07:00:00Z,2
86,CAL FIRE Tulare Unit,2015,Tulare,6,10,2015-08-05T17:45:00Z,,,4,36.49845,-118.9009,150,2015-07-30T12:40:00Z,,,2015-08-05T17:45:00Z,1
75,CAL FIRE Shasta-Trinity Unit,2015,Shasta,1,4,2015-07-31T18:40:00Z,,,2,40.509552,-122.199227,40,2015-07-29T16:30:00Z,,1,2015-07-31T18:40:00Z,4
72,CAL FIRE Butte Unit,2015,Butte,5,14,2015-09-03T19:35:00Z,,3,,26.42,-121,190,2015-09-02T13:18:00Z,,1,2015-09-03T19:35:00Z,5
40,CAL FIRE Sonoma-Lake-Napa Unit,2015,Solano,2,5,2015-07-10T17:00:00Z,,1,,38.1029,-122.1578,70,2015-07-10T13:36:00Z,,,2015-07-10T17:00:00Z,2
38,CAL FIRE Sonoma-Lake-Napa Unit,2015,Napa,4,8,2015-06-17T13:10:00Z,,2,,38.5287,-122.3415,120,2015-06-16T14:27:00Z,,,2015-06-17T13:10:00Z,4
36,CAL FIRE Sonoma-Lake-Napa Unit,2015,Napa,2,9,2015-06-10T09:45:00Z,,2,,0,0,103,2015-06-09T15:23:00Z,,,2015-06-10T09:45:00Z,2
25,CAL FIRE Madera-Mariposa-Merced Unit  ,2015,Mariposa,2,5,2015-06-09T09:00:00Z,,,,0,0,60,2015-06-07T12:06:00Z,,,2015-06-09T09:00:00Z,1
24,CAL FIRE Siskiyou Unit,2015,Siskiyou,2,3,2015-07-22T17:00:00Z,,,,41.999341,-121.891226,49,2015-07-21T17:00:00Z,,,2015-07-22T17:00:00Z,1
21,CAL FIRE Riverside County Fire,2015,Riverside,2,11,2015-07-12T19:48:00Z,,1,,33.986204,-117.43942,,2015-07-12T13:52:00Z,,,2015-07-12T19:48:00Z,2
20,CAL FIRE Humboldt-Del Norte Unit ,2015,Humboldt,10,12,2015-06-11T18:15:00Z,,,,41.1513,-123.8292,195,2015-06-10T07:42:00Z,,,2015-06-11T18:15:00Z,5
18,CAL FIRE Shasta-Trinity Unit,2015,Shasta,2,6,2015-07-08T16:30:00Z,,,1,40.5953,-122.4397,,2015-07-07T12:34:00Z,,,2015-07-08T16:30:00Z,3
36274,San Bernardino National Forest ,2016,San Bernardino,21,47,2016-08-23T07:45:00Z,,5,,34.30372,-117.49342,914,2016-08-16T10:44:00Z,3,321,2016-08-23T07:45:00Z,9
8110,San Bernardino National Forest,2016,San Bernardino,30,37,2016-08-16T08:00:00Z,,10,1,34.28771,-117.27338,960,2016-08-07T12:18:00Z,,,2016-08-16T08:00:00Z,7
5731,CAL FIRE Sonoma Lake Napa Unit,2016,Yolo,2,5,2016-08-12T15:00:00Z,,,,38.52513,-122.06788,58,2016-08-02T16:36:00Z,,2,2016-08-12T15:00:00Z,
4474,CAL FIRE Santa Clara Unit,2016,Santa Clara,1,3,2017-09-19T10:30:00Z,,,,37.10632,-121.85318,62,2016-09-26T14:42:00Z,1,28,2017-09-19T10:30:00Z,5
2944,CAL FIRE Fresno Unit,2016,Fresno,12,29,2016-07-05T07:05:00Z,,2,,36.0749,-120.452041,188,2016-07-01T17:16:00Z,,,2016-07-05T07:05:00Z,13
2575,CAL FIRE Lassen-Modoc Unit,2016,Lassen,3,2,2016-09-22T07:00:00Z,,,1,40.3915,-120.7845,78,2016-09-11T11:33:00Z,,7,2016-09-22T07:00:00Z,2
2241,CAL FIRE Fresno-Kings Unit,2016,Fresno,4,7,2016-08-09T18:30:00Z,,,,37.01591,-119.50507,167,2016-07-30T16:40:00Z,5,4,2016-08-09T18:30:00Z,6
1080,CAL FIRE Tuolumne-Calaveras Unit,2016,Tuolumne,2,2,2016-10-04T22:00:00Z,,,,37.79635,-120.32484,92,2016-09-26T12:20:00Z,,,2016-10-04T22:00:00Z,
850,CAL FIRE / Butte County Fire,2016,Butte,4,3,2016-09-12T14:51:00Z,,,3,39.6871,-121.571,133,2016-09-05T16:28:00Z,,3,2016-09-12T14:51:00Z,2
599,CAL Fire Humboldt-Del Norte Unit,2016,Humboldt,3,10,2016-09-04T06:55:00Z,,,,41.28486,-123.82268,174,2016-08-22T16:03:00Z,,3,2016-09-04T06:55:00Z,2
441,CAL FIRE Shasta-Trinity Unit,2016,Shasta,10,20,2016-07-12T07:00:00Z,,,1,40.36873,-122.72913,241,2016-07-08T22:45:00Z,,1,2016-07-12T07:00:00Z,5
360,CAL FIRE Tehama-Glenn Unit,2016,Tehama,6,12,2016-09-13T14:30:00Z,,2,,40.30594,-122.1295,168,2016-09-13T23:10:00Z,,,2016-09-13T14:30:00Z,5
215,CAL FIRE Sonoma-Lake-Napa Unit,2016,Lake,14,25,2016-06-28T20:00:00Z,,2,,39.12366,-122.50373,350,2016-06-26T16:00:00Z,,,2016-06-28T20:00:00Z,2
85,CAL FIRE Tuolumne-Calaveras Unit,2016,Tuolumne,3,6,2016-06-01T19:45:00Z,,,,37.927613,-120.528836,,2016-05-30T15:10:00Z,,,2016-06-01T19:45:00Z,
65,CAL FIRE Sonoma-Lake-Napa Unit,2016,Napa,4,5,2016-10-12T18:00:00Z,,,,38.40958,-122.43172,86,2016-10-10T16:13:00Z,,,2016-10-12T18:00:00Z,2
45,CAL FIRE Amador-El Dorado Unit,2016,Amador,5,18,2016-09-25T17:45:00Z,,2,,38.5212,-120.8416,150,2016-09-23T13:12:00Z,,,2016-09-25T17:45:00Z,3
30,CAL FIRE Butte Unit,2016,Butte,1,9,2016-05-29T19:53:00Z,,1,,39.624017,-121.595093,42,2016-05-29T16:51:00Z,,,2016-05-29T19:53:00Z,2
26,CAL FIRE Amador - El Dorado Unit,2016,Amador,2,8,2016-08-06T10:06:00Z,,,,38.2581,-120.8657,,2016-08-05T13:49:00Z,,,2016-08-06T10:06:00Z,3
36556,CAL FIRE Tulare Unit / USFS - Sequoia National Forest,2017,Tulare,28,138,2018-01-09T12:47:00Z,,7,5,36.15356,-118.74103,1728,2017-08-29T08:29:00Z,,2,2018-01-09T12:47:00Z,27
28687,Unified Command: CAL FIRE San Luis Obispo Unit / Santa Barbara County / Los Padres National Forest,2017,San Luis Obispo,21,92,2018-01-09T11:46:00Z,,,,35.0179,-120.3223,153,2017-07-06T15:44:00Z,1,0,2018-01-09T11:46:00Z,9
10343,CAL FIRE/Fresno County Fire,2017,Fresno,14,35,2018-01-09T10:04:00Z,,2,,36.12089,-120.37116,432,2017-05-18T13:11:00Z,,,2018-01-09T10:04:00Z,
9217,"Unified Command: CAL FIRE, Orange County, Anaheim City and Orange City",2017,Orange,13,51,2018-04-05T10:47:00Z,,1,4,33.87041,-117.70975,677,2017-10-09T09:51:00Z,55,25,2018-04-05T10:47:00Z,1
6049,"Unified Command: CAL FIRE, Los Angeles County Fire, Ventura County Fire, Los Angeles County Sheriff's Office, and Ventura County Sheriff's Office",2017,Los Angeles,18,55,2018-01-18T09:58:00Z,,2,,34.45283,-118.58188,652,2017-12-05T11:31:00Z,3,6,2018-01-18T09:58:00Z,6
6033,CAL FIRE Butte County Fire,2017,Butte,4,10,2018-01-09T11:47:00Z,,,0,39.45352,-121.41222,148,2017-07-07T14:52:00Z,60,41,2018-01-09T11:47:00Z,2
3874,CAL FIRE Riverside Unit,2017,Riverside,8,34,2018-01-09T12:50:00Z,,2,,33.97471,-117.09984,,2017-09-02T13:33:00Z,,,2018-01-09T12:50:00Z,1
2269,CAL FIRE Sonoma-Lake-Napa Unit ,2017,Yolo,4,10,2018-01-09T11:45:00Z,,,4,38.49521,-122.0251,123,2017-07-06T12:41:00Z,,,2018-01-09T11:45:00Z,1
1649,CAL FIRE / Fresno County Fire,2017,Fresno,17,35,2018-01-09T11:58:00Z,,1,,35.95911,-120.55579,727,2017-07-17T13:15:00Z,,,2018-01-09T11:58:00Z,7
995,CAL FIRE Shasta-Trinity Unit,2017,Shasta,14,15,2018-01-09T13:21:00Z,,2,3,40.98352,-121.81623,317,2017-09-12T06:58:00Z,,,2018-01-09T13:21:00Z,3
630,CAL FIRE Madera-Mariposa-Merced Unit,2017,Mariposa,1,,2018-01-09T11:10:00Z,,,,37.3762,-119.9646,380,2017-06-28T15:49:00Z,,,2018-01-09T11:10:00Z,5
392,CAL FIRE Nevada-Yuba-Placer Unit,2017,Nevada,1,2,2018-01-09T12:48:00Z,,,1,39.34292,-121.12004,48,2017-08-30T15:38:00Z,1,0,2018-01-09T12:48:00Z,1
339,CAL FIRE Tulare Unit,2017,Tulare,19,30,2018-01-09T10:28:00Z,,1,4,36.45809,-118.87676,435,2017-06-07T11:55:00Z,,,2018-01-09T10:28:00Z,3
225,CAL FIRE Madera-Mariposa-Merced Unit,2017,Mariposa,23,41,2018-01-09T11:17:00Z,,,,37.4591,-119.921,498,2017-07-02T13:36:00Z,1,0,2018-01-09T11:17:00Z,6
135,CAL FIRE Tulare Unit,2017,Tulare,10,20,2018-01-09T10:32:00Z,,1,2,35.8556,-118.74542,212,2017-06-13T17:00:00Z,,,2018-01-09T10:32:00Z,2
130,CAL FIRE San Diego Unit,2017,San Diego,10,20,2018-01-09T12:50:00Z,,2,,32.6001,-116.76997,220,2017-09-01T04:20:00Z,,,2018-01-09T12:50:00Z,7
114,CAL FIRE Sonoma-Lake-Napa Unit ,2017,Napa,1,5,2018-01-09T12:35:00Z,,,,38.49336,-122.2483,55,2017-08-11T12:57:00Z,,,2018-01-09T12:35:00Z,
74,CAL FIRE Amador-El Dorado Unit,2017,El Dorado,2,5,2018-01-09T11:50:00Z,,,,38.7803,-120.97111,,2017-07-08T16:38:00Z,,,2018-01-09T11:50:00Z,1
70,CAL FIRE Sonoma-Lake-Napa Unit,2017,Colusa,4,10,2018-01-09T11:58:00Z,,2,,39.01224,-122.20127,76,2017-07-17T13:17:00Z,,,2018-01-09T11:58:00Z,3
50,CAL FIRE San Mateo-Santa Cruz Unit ,2017,San Mateo,4,5,2018-01-09T13:20:00Z,,,,37.41591,-122.3001,85,2017-09-11T19:41:00Z,,,2018-01-09T13:20:00Z,
22,Sonoma-Lake Napa Unit,2017,Napa,4,6,2018-01-09T10:31:00Z,,,,38.68347,-122.2654,80,2017-06-13T10:18:00Z,,,2018-01-09T10:31:00Z,
17,CAL FIRE Shasta-Trinity Unit,2017,Shasta,1,2,2018-01-09T12:42:00Z,,,,40.92602,-121.5935,20,2017-08-17T14:15:00Z,,,2018-01-09T12:42:00Z,
229651,"Unified Command: CAL FIRE Shasta-Trinity Unit, US Forest Service and NPS Whiskeytown National Recreation Area",2018,Shasta,5,11,2019-01-04T09:37:00Z,3,,0,40.65428,-122.62357,456,2018-07-23T13:15:00Z,61,1614,2019-10-25T09:47:17.29Z,31
229651,"Unified Command: CAL FIRE Shasta-Trinity Unit, US Forest Service and NPS Whiskeytown National Recreation Area",2018,Trinity,5,11,2019-01-04T09:37:00Z,3,,0,40.65428,-122.62357,456,2018-07-23T13:15:00Z,61,1614,2019-10-25T09:47:17.29Z,31
153336,"Unified Command: CAL FIRE, Butte County Sheriff Department, Paradise Police Department, USFS",2018,Butte,11,73,2018-11-25T08:00:00Z,85,2,3,39.8134,-121.4347,1065,2018-11-08T06:33:00Z,,18804,2019-11-15T09:30:48.693Z,3
48920,Unified command: CAL FIRE Mendocino Unit and USFS Mendocino National Forest ,2018,Colusa,58,256,2019-01-04T09:18:00Z,,20,,39.04786,-123.11971,3100,2018-07-27T13:01:00Z,,35,2019-10-25T10:07:14.547Z,79
48920,Unified command: CAL FIRE Mendocino Unit and USFS Mendocino National Forest ,2018,Lake,58,256,2019-01-04T09:18:00Z,,20,,39.04786,-123.11971,3100,2018-07-27T13:01:00Z,,35,2019-10-25T10:07:14.547Z,79
48920,Unified command: CAL FIRE Mendocino Unit and USFS Mendocino National Forest ,2018,Mendocino,58,256,2019-01-04T09:18:00Z,,20,,39.04786,-123.11971,3100,2018-07-27T13:01:00Z,,35,2019-10-25T10:07:14.547Z,79
38008,CAL FIRE Siskiyou Unit,2018,Siskiyou,6,12,2019-01-04T09:55:00Z,1,2,3,41.893332,-122.534655,350,2018-07-05T12:31:00Z,12,83,2019-10-25T09:41:00.423Z,4
2883,Inyo National Forest Service ,2018,Inyo,20,22,2019-01-04T09:54:00Z,,7,,36.6734,-118.21881,564,2018-07-08T13:36:00Z,,,2019-01-04T09:54:00Z,4
2162,"Unified Command: CAL FIRE Sonoma-Lake-Napa Unit, Solano County Fire",2018,Solano,4,11,2019-01-04T09:20:00Z,,1,,38.431278,-122.043747,180,2018-08-10T16:57:00Z,,1,2019-01-04T09:20:00Z,4
1265,"Unified Command: CAL FIRE San Bernardino Unit, Cal Trans, and Inyo County Sheriff's Office",2018,Inyo,12,17,2019-01-03T13:09:00Z,,2,,36.71537,-118.08449,325,2018-04-19T10:28:00Z,,,2019-01-03T13:09:00Z,1
825,CAL FIRE Amador - El Dorado Unit,2018,Amador,4,15,2019-01-04T09:54:00Z,,1,,38.42623,-120.95408,,2018-07-06T14:42:00Z,,1,2019-10-25T09:43:02.967Z,4
320,Unified Command: CAL FIRE Santa Clara Unit and Milpitas Fire Department,2018,Santa Clara,1,5,2019-01-04T09:37:00Z,,,,37.449425,-121.88807,150,2018-07-22T13:06:00Z,,1,2019-01-04T09:37:00Z,
150,CAL FIRE Amador-El Dorado Unit,2018,El Dorado,12,30,2019-01-04T09:09:00Z,,2,,38.94388,-120.92611,,2018-09-04T15:03:00Z,,,2019-01-04T09:09:00Z,5
63,CAL FIRE Shasta-Trinity Unit,2018,Shasta,4,7,2019-01-04T09:38:00Z,,,,40.741186,-122.649626,98,2018-07-20T13:26:00Z,,,2019-01-04T09:38:00Z,4
51,CAL FIRE Shasta-Trinity Unit,2018,Shasta,7,24,2019-01-04T09:36:00Z,,,,40.824,-121.90215,192,2018-07-24T15:24:00Z,,,2019-01-04T09:36:00Z,6
43,CAL FIRE Butte Unit,2018,Butte,9,12,2019-01-04T09:40:00Z,,,2,39.57202,-121.43131,168,2018-07-19T12:00:00Z,,,2019-01-04T09:40:00Z,4
33,CAL FIRE Butte Unit,2018,Butte,4,5,2019-01-04T09:01:00Z,,,,39.84151,-121.62168,83,2018-09-24T00:41:00Z,,,2019-01-04T09:01:00Z,4
15,CAL FIRE/Riverside County Fire Department,2018,Riverside,2,18,2019-01-03T09:46:00Z,,1,,33.711263,-116.164058,105,2018-04-15T04:38:00Z,,,2019-01-03T09:46:00Z,2
13,CAL FIRE San Diego Unit,2018,San Diego,3,10,2019-01-04T09:39:00Z,,4,,33.04898,-116.78928,80,2018-07-20T13:07:00Z,1,0,2019-01-04T09:39:00Z,4
1011,"Unified Command: CAL FIRE/Riverside County Fire Department, City of Calimesa and City of Yucaipa",2019,Riverside,10,17,,2,1,,33.9925,-117.059167,247,2019-10-10T15:38:44Z,16,74,2019-11-01T15:14:13.32Z,1
494,CAL FIRE Riverside County Fire Department ,2019,Riverside,5,14,2019-11-02T18:44:00Z,,,,34.01778,-117.4625,126,2019-10-30T11:19:00Z,,,2019-11-02T18:52:09.347Z,1
37,CAL FIRE San Diego County Fire,2019,San Diego,4,10,2019-10-27T18:05:00Z,,4,,33.259861,-117.027333,100,2019-10-25T15:05:52Z,1,3,2019-10-27T18:29:19.843Z,2
77758,CAL FIRE Sonoma-Lake-Napa Unit,2019,Sonoma,2,5,2019-11-06T19:00:00Z,,0,4,38.792458,-122.780053,55,2019-10-23T21:27:00Z,60,374,2019-11-20T11:02:52.127Z,2
10296,Inyo National Forest     ,2019,Inyo,8,8,2019-11-21T16:09:00Z,,5,,37.034,-118.345,269,2019-09-06T12:43:35Z,,,2020-01-10T16:10:00.007Z,4
9999,Ventura County Fire Department ,2019,Ventura,17,45,2019-11-06T18:00:00Z,,,,34.302212,-118.997115,626,2019-10-31T20:58:28Z,,4,2019-11-06T18:27:43.47Z,3
8838,CAL FIRE Tehama Glenn Unit ,2019,Tehama,53,98,2019-09-13T19:00:00Z,,20,,40.12,-122.64,1936,2019-09-05T13:19:56Z,,2,2019-09-13T19:59:57.813Z,23
4615,Los Angeles County Fire Department ,2019,Los Angeles,8,69,,,0,,34.472778,-118.368056,509,2019-10-24T14:51:46Z,27,22,2019-10-31T07:39:12.177Z,
2534,CAL FIRE Tehama-Glenn Unit,2019,Tehama,2,2,2019-11-14T18:02:00Z,,,4,40.036379,-122.637837,69,2019-11-03T14:16:17Z,,,2019-11-18T08:28:54.537Z,
1926,CAL FIRE/Riverside County Fire Department ,2019,Riverside,0,1,2019-09-14T19:00:00Z,,,3,33.528469,-117.273157,35,2019-09-04T16:43:36Z,2,0,2019-09-14T19:15:55.197Z,1
756,CAL FIRE Tulare Unit,2019,Tulare,9,11,,,,,36.40193,-119.030621,185,2019-08-31T15:31:59Z,0,0,2019-09-04T08:53:01.337Z,2
600,CAL FIRE Shasta-Trinity Unit,2019,Shasta,8,9,2019-08-26T17:00:00Z,,,3,40.715556,-122.241944,187,2019-08-22T11:02:09Z,7,14,2019-10-02T16:06:52.9Z,
526,Unified Command: CAL FIRE Sonoma-Lake-Napa Unit and American Canyon Fire Protection District,2019,Napa,6,15,2019-10-07T18:34:00Z,,1,,38.165873,-122.211671,163,2019-10-06T16:36:50Z,,1,2019-10-09T13:52:17.697Z,4
520,CAL FIRE RRU (Riverside County Fire),2019,Riverside,8,34,,,1,,33.4853,-117.043723,235,2019-09-14T17:53:00Z,,,2019-09-17T20:05:34.223Z,3
496,CAL FIRE Butte County Fire ,2019,Butte,0,0,2019-09-13T19:00:00Z,,0,,39.45296,-121.412619,16,2019-09-07T15:06:00Z,0,2,2019-09-13T19:59:37.507Z,6
225,CAL FIRE Mendocino Unit,2019,Mendocino,16,16,2019-08-17T18:15:00Z,,,3,39.005262,-123.195306,328,2019-08-12T17:10:00Z,,,2019-08-18T07:10:42.087Z,6
220,Los Padres National Forest,2019,San Luis Obispo,8,20,2019-09-27T18:00:00Z,,2,4,35.214364,-120.455883,515,2019-09-21T14:26:00Z,,0,2019-10-24T11:23:10.07Z,2
200,CAL FIRE/San Diego County Fire,2019,San Diego,8,20,,,0,,32.787656,-116.806941,350,2019-09-24T15:00:00Z,,,2019-10-02T16:03:51.173Z,5
98,CAL FIRE / Riverside County Fire,2019,Riverside,9,17,2019-09-22T17:00:00Z,,,,33.900994,-117.170588,150,2019-09-21T17:22:00Z,,,2019-09-22T18:36:33.047Z,1
53,CAL FIRE Sonoma Lake Napa Unit,2019,Lake,2,10,2019-09-08T07:00:00Z,,,,38.955024,-122.833831,74,2019-09-07T14:00:00Z,,1,2019-09-08T07:45:11.27Z,3
28,Sonoma-Lake-Napa Unit,2019,Lake,2,4,2019-09-05T10:03:00Z,,,,38.910498,-122.642572,55,2019-09-04T16:26:00Z,,,2019-09-05T19:04:01.983Z,2
20,CAL FIRE Sonoma Lake Napa Unit & William Fire Department ,2019,Colusa,1,7,2019-08-14T18:51:00Z,,1,,39.088333,-122.309167,65,2019-08-14T12:52:00Z,,,2019-08-15T10:10:44.62Z,2
10,CAL FIRE Amador-El Dorado Unit,2019,Amador,2,5,2019-09-25T17:00:00Z,,,1,38.332083,-120.67131,45,2019-09-25T13:13:41Z,,,2019-09-25T17:41:10.107Z,
